{"BUT IT ONLY ACTIVATES IF YOU SHOUT": 1.0216809569944938, "WHERE": 0.9976818127423525, "ADDED 3 PEOPLE WITH SWIRLIX": 1.0153321747144064, "H": 1.015124215666453, "VGC09": 0.988164407796661, "BUT PEOPLE SHOUT TO MUCH SO I HAVE TO DISABLEIT": 1.0001454076749086, "HOW IT WORK?": 1.0402271179807188, "DID SOMEONE FUCKING SAY PENNY?": 1.0078231228669483, "I HAVE MADE 2 POSTS ON FUCKING /R/FRIENDSAFARI": 0.994332777873675, "HOLY FUCKING TITS SOMEONE GOT WHITE CHEDDAR FLAVORED SKINNY POP FUCK YES THIS SHIT IS ORGASMIC": 0.9974462487777075, "WHERE IS PENNY": 0.9976209822624921, "ROTC": 1.0077172505219778, " ": 1.0680764054934184, "DAMN LOL": 1.003751368612051, "HELLO": 1.0126593575006726, "UU?": 1.013376322054863, "Z": 1.015124215666453, "WIENER": 1.000733419974645, "GIRL SCOUT COOKIES": 1.055272857184609, "U": 1.015124215666453, "T": 1.0245812092065811, "S": 1.0189139870802562, "R": 1.0453726469993592, "O": 1.0586194119532903, "N": 1.003789771413803, "M": 1.015124215666453, "L": 1.015124215666453, "K": 1.015124215666453, "I": 1.0189139870802562, "HI": 1.0065165000784393, "G": 1.009456993540128, "F": 1.015124215666453, "E": 1.0604968626658122, "D": 0.994332777873675, "C": 1.0302484313329061, "B": 1.0302484313329061, "A": 1.003789771413803}