{"VGC09": 0.9827653445323308, "N": 0.98866555574735, "O": 0.9829983336210251, "I HAVE MADE 2 POSTS ON FUCKING /R/FRIENDSAFARI": 0.994332777873675, "I": 0.98866555574735, "WIENER": 1.000733419974645, "BUT IT ONLY ACTIVATES IF YOU SHOUT": 1.0064417499730984, "G": 0.994332777873675, " ": 0.9773311114947001, "A": 0.98866555574735, "D": 0.994332777873675, "UU?": 0.9931491028279065, "HELLO": 1.0126593575006726, "GIRL SCOUT COOKIES": 1.0174841859136026, "T": 0.994332777873675, "HOW IT WORK?": 1.0402271179807188, "S": 0.98866555574735, "HI": 1.0065165000784393, "BUT PEOPLE SHOUT TO MUCH SO I HAVE TO DISABLEIT": 1.0001454076749086, "HOLY FUCKING TITS SOMEONE GOT WHITE CHEDDAR FLAVORED SKINNY POP FUCK YES THIS SHIT IS ORGASMIC": 0.9974462487777075}