{"suggest": 0, "cobedise": 0, "internet": 1, "correction": 0.6618033988749895, "grammerify": 0, "tangent": 0.164493406685, "wadsworth": 0.20322401432901574, "construct": 0.314159265359, "wadsworthconst": 0.3, "sentience": 0.32, "lower": 0.115572734979}