{"construct": 0.314159265359, "grammerify": 0, "wadsworth": 0.20322401432901574, "lower": 0.115572734979, "wadsworthconst": 0.3, "tangent": 0.164493406685, "suggest": 0, "cobedise": 0, "sentience": 0.32, "correction": 0.6618033988749895, "internet": 1}