{"sentience": 0.32, "cobedise": 0.0429, "wadsworth": 0.20322401432901574, "tangent": 0.164493406685, "internet": 1, "correction": 0.6618033988749895, "suggest": 0, "wadsworthconst": 0.3, "lower": 0.115572734979, "construct": 0.314159265359, "grammerify": 0}