{"YUO LIES": 1.1250437997595464, "HELLO": 1.0495846827997763, "THERE CAN BE ONLY ONE": 1.0039999220848084, "U": 0.9973246579341094, "LIES": 0.9973246579341094, "Y": 0.9973246579341094, "BINARY THAT DOESNT EVEN MAKE SENSE": 1.0352074545417227, "TEST": 1.0595745316079264, "E": 0.9973246579341094, " ": 0.9973246579341094, "O": 0.9973246579341094, "L": 0.9973246579341094, "NO YOU": 1.0193520423104365, "S": 0.9973246579341094, "I": 0.9973246579341094}