{"O_O": 1.007933115005493, "TEST": 1.0869359866947934, "LIES": 1.01832334817787, "MDD?": 1.0060992800166209, "FUCK U UR MOMMA IS A HOMO": 0.9986741980900368, "FAIL": 1.0141268826342622, "HI BINARY": 1.0207390358016886, "DON'T MAKE ME PHONE BINARY": 1.0250453335235516, "LIE YOU": 1.0299129683805504, "LOL WAT": 1.021281322408517, "I DO BITE MY THUMB SIR": 0.7579575230158367, "JUST NOT": 1.0009059060394763, "I AM THE BIRD": 1.0340393204102913, "C:": 1.0113730102610587, "YOU DONT EVEN KNOW I HAD TO PM YOU": 0.7417698770915472, "OH": 0.9985047854609289, "JUST NO": 1.0109494687418143, "S": 0.9793257291028898, "TRUTHINESS": 0.9957838915848731, "ABOUT TRUTHINESS ?": 0.7518323034995793, "W": 0.9828244332157574, "NO": 1.0099860026503604, "U": 1.0207828951186941, "T": 1.0144010716249563, "NO YOU": 1.0563552080323297, "Y": 1.0236074450806782, "X": 0.9998234119971593, "NOU RHYYHMTMT": 1.0321694700886812, "I BITE MY THUMB SIR": 1.012374404590726, "WHAT QUESTION?": 0.9997567937711874, "C": 0.9730590734105309, "B": 1.0523715630089256, "A": 0.952960990465781, "IM JUST REALLY EXCITED": 1.0415098040032382, "SHUT UP BINARY": 1.033489057361285, "NOPE": 1.0312989636355638, "WHAT BINARY?": 1.0205148480826614, "D": 1.008165632360578, "K": 0.9797865862807632, "J": 0.9998234119971593, "I": 1.01668409343948, "H": 1.0101361673867704, "LOL": 1.0069075243602197, "N": 0.9899996277797225, "M": 1.0052006655206291, "HOLLYWOOD WHORE PASSOUT ON THE FLOOR": 1.0323179797140758, "I DO NOT BITE MY THUMB AT YOU SIR BUT I DO BITE MY THUMB SIR": 1.0131780511518322, "FUCK BITCHES, GET MONEY": 1.004427429744601, "I AM": 1.026056347879768, "E": 0.9305724650871764, "HELLO": 1.0495846827997763, "R": 1.0163143714224303, "NOOOW": 1.0109208233609799, "BINARY THAT DOESNT EVEN MAKE SENSE": 1.1098666679018738, "THERE CAN BE ONLY ONE": 1.022996653008461, "FUN FACT": 1.0137493955761192, "D:": 0.9933456253021956, "HEY": 1.017141918967167, "YUO LIES": 1.142481438208222, "HAH": 0.9986741980900368, " ": 0.9639481865375258, "'": 0.9949017578403154, "TRUTHINESS?": 1.0090701797707875, "WHATCHOO GUNNA DO": 0.9995980931480726, "WELCOME TO THE JAM": 1.0220652233536045, "G": 0.9871413564940293, "ILL SHOW YOU LIES": 1.028739712121487, "BINARY IS BACK": 1.0179791660110156, ",": 0.9885940392017364, "BINARY": 1.004477174983422, "HOW DOES IT FEEL": 1.014728548884392, "HOW DO I CHANGE IT": 0.993692281361421, "O": 0.998429926525157, "F": 0.9848848284404479, "UR A FAGGET": 0.9998767154892285, "TRUTHINESS, WHAT? DOST THOU MAKE US MINSTRELS?": 0.7446147974133495, "P": 0.9875710651735464, "PERFECT": 1.0096405981633068, "YOU CAME ON ME LIKE A WATERFALLL": 0.9966485923202834, "COME ON AND SLAM": 0.7178121760076285, "IT WAS FUCKING WHOLEMEAL, K": 1.0264231688589855, "L": 0.9287257328253994, "BINARY:": 1.0124453407883642, "WHAT IS THAT LITTLE C THING": 0.9737752650428811}