{"lower": 0.115572734979, "internet": 1, "tangent": 0.164493406685, "grammerify": 0, "correction": 0.6618033988749895, "wadsworthconst": 0.3, "wadsworth": 0.20322401432901574, "suggest": 0, "construct": 0.314159265359, "sentience": 0.32, "cobedise": 0.0429}