{"sentience": 0.32, "tangent": 0.164493406685, "grammerify": 0, "cobedise": 0.0429, "internet": 1, "construct": 0.314159265359, "lower": 0.115572734979, "suggest": 0, "correction": 0.6618033988749895, "wadsworth": 0.20322401432901574, "wadsworthconst": 0.3}