{"suggest": 0, "correction": 0.6618033988749895, "internet": 1, "wadsworthconst": 0.3, "construct": 0.314159265359, "tangent": 0.164493406685, "grammerify": 0, "lower": 0.115572734979, "wadsworth": 0.20322401432901574, "cobedise": 0.0429, "sentience": 0.32}